City_ID,City,Country,Lat,Lng,Max Temp,Humidity,Cloudiness,Wind Speed,Current Description
0,Rikitea,PF,-23.1203,-134.9692,79.59,72,94,14.43,overcast clouds
1,Puerto Ayora,EC,-0.7393,-90.3518,78.51,81,94,8.34,overcast clouds
2,Pangai,TO,-19.8,-174.35,80.65,78,100,9.44,light rain
3,College,US,64.8569,-147.8028,30.18,44,75,6.91,broken clouds
4,Upernavik,GL,72.7868,-56.1549,6.37,78,100,5.1,overcast clouds
5,Balkanabat,TM,39.5108,54.3671,49.32,86,99,4.88,overcast clouds
6,Rivers,CA,50.0308,-100.2403,29.26,79,100,26.06,overcast clouds
7,Mount Isa,AU,-20.7333,139.5,96.57,21,44,8.05,scattered clouds
8,Lasa,IT,46.6166,10.7002,40.03,70,1,2.04,clear sky
9,Hobart,AU,-42.8794,147.3294,73.26,50,20,6.91,few clouds
10,Vodyane,UA,47.4875,34.4924,35.22,68,4,5.95,clear sky
11,Port Moresby,PG,-9.4431,147.1797,82.6,75,100,10.67,overcast clouds
12,Gat,IL,31.61,34.7642,49.08,100,99,14.54,overcast clouds
13,Taoudenni,ML,22.6783,-3.9836,70.88,25,0,10.4,clear sky
14,Coihaique,CL,-45.5752,-72.0662,53.55,54,20,8.05,few clouds
15,San Cristobal,VE,7.7669,-72.225,71.78,66,8,1.41,clear sky
16,Pisco,PE,-13.7,-76.2167,68.05,73,0,10.36,clear sky
17,Mecca,SA,21.4267,39.8261,62.15,33,0,13.51,clear sky
18,Pimentel,PE,-6.8367,-79.9342,70.84,80,41,10.85,scattered clouds
19,Alofi,NU,-19.0595,-169.9187,80.49,83,75,6.91,broken clouds
20,Klaksvik,FO,62.2266,-6.589,45.52,97,99,7.85,overcast clouds
21,Comodoro Rivadavia,AR,-45.8667,-67.5,60.66,41,0,12.66,clear sky
22,Albany,US,42.6001,-73.9662,41.41,88,100,2.91,overcast clouds
23,Tiksi,RU,71.6872,128.8694,1.45,84,94,1.52,overcast clouds
24,Punta Arenas,CL,-53.15,-70.9167,46.51,71,0,11.5,clear sky
25,Tuktoyaktuk,CA,69.4541,-133.0374,-14.87,91,5,11.32,clear sky
26,Mataura,NZ,-46.1927,168.8643,67.73,46,12,3.47,few clouds
27,Aberdeen,GB,57.1437,-2.0981,47.5,100,18,2.3,mist
28,Mahebourg,MU,-20.4081,57.7,78.26,74,80,9.24,broken clouds
29,Bluff,NZ,-46.6,168.3333,60.39,74,18,9.4,few clouds
30,Kapaa,US,22.0752,-159.319,80.58,85,75,16.11,broken clouds
31,Jasper,US,37.2001,-94.3502,42.01,76,100,3.44,overcast clouds
32,Pevek,RU,69.7008,170.3133,3.72,95,99,5.12,overcast clouds
33,Kodiak,US,57.79,-152.4072,36.91,87,100,12.66,moderate rain
34,Namatanai,PG,-3.6667,152.4333,86.5,61,21,3.31,few clouds
35,Busselton,AU,-33.65,115.3333,80.26,34,62,7.92,broken clouds
36,Bengkulu,ID,-3.8004,102.2655,83.71,60,100,4.05,overcast clouds
37,Outlook,CA,51.5001,-107.0513,34.23,76,16,14.81,few clouds
38,Carnarvon,AU,-24.8667,113.6333,85.89,62,100,12.95,overcast clouds
39,Birjand,IR,32.8663,59.2211,60.62,24,15,6.53,few clouds
40,Moron,AR,-34.6534,-58.6198,54.91,97,100,13.98,overcast clouds
41,Burnie,AU,-41.0667,145.9167,73.94,49,4,6.91,clear sky
42,Guerrero Negro,MX,27.9769,-114.0611,65.52,50,74,12.86,broken clouds
43,Cape Town,ZA,-33.9258,18.4232,63.27,69,0,20.58,clear sky
44,Riyadh,SA,24.6877,46.7219,61.16,35,0,12.3,clear sky
45,Ostrovnoy,RU,68.0531,39.5131,18.19,72,100,29.95,overcast clouds
46,Tanout,NE,14.9709,8.8879,70.2,17,2,11.41,clear sky
47,Belyy Yar,RU,53.6039,91.3903,31.89,56,40,17.9,scattered clouds
48,Eureka,US,40.8021,-124.1637,51.21,87,100,3.11,overcast clouds
49,Port Keats,AU,-14.25,129.55,91.35,53,100,2.91,moderate rain
50,Ponta Do Sol,PT,32.6667,-17.1,62.01,74,55,6.35,broken clouds
51,Ostersund,SE,63.1792,14.6357,41.45,81,75,10.36,light intensity drizzle
52,Port Hardy,CA,50.6996,-127.4199,45.59,68,100,10.58,overcast clouds
53,Langarud,IR,37.197,50.1535,42.85,92,93,7.09,overcast clouds
54,Khatanga,RU,71.9667,102.5,-1.23,92,100,1.83,overcast clouds
55,Bandarbeyla,SO,9.4942,50.8122,76.33,72,50,6.58,scattered clouds
56,Arraial Do Cabo,BR,-22.9661,-42.0278,75.78,85,3,23.8,clear sky
57,Yining,CN,29.0361,114.5636,63.57,94,100,2.68,overcast clouds
58,Geraldton,AU,-28.7667,114.6,97.21,24,100,14.97,overcast clouds
59,General Pico,AR,-35.6566,-63.7568,57.67,61,100,22.35,overcast clouds
60,Butaritari,KI,3.0707,172.7902,80.69,70,38,12.15,scattered clouds
61,Znamenskoye,RU,57.1281,73.8282,23.61,89,100,13.89,overcast clouds
62,Saint-Pierre,RE,-21.3393,55.4781,77.92,78,0,5.75,clear sky
63,Castro,BR,-24.7911,-50.0119,64.49,97,100,5.17,overcast clouds
64,Freeport,US,40.6576,-73.5832,46.09,85,100,10.36,moderate rain
65,Prince Rupert,CA,54.3161,-130.3201,41.92,83,100,8.86,overcast clouds
66,Lompoc,US,34.6391,-120.4579,61.12,91,100,9.22,mist
67,Oistins,BB,13.0667,-59.5333,78.89,73,20,23.02,few clouds
68,Bethel,US,41.3712,-73.414,43.36,93,100,1.99,moderate rain
69,Yellowknife,CA,62.456,-114.3525,-9.71,93,83,7.81,broken clouds
70,Luneville,FR,48.6,6.5,43.18,70,0,4.83,clear sky
71,Beniganj,IN,27.2833,80.45,85.12,12,5,4.79,clear sky
72,Namibe,AO,-15.1961,12.1522,72.45,85,60,8.23,broken clouds
73,Sao Felix Do Xingu,BR,-6.6447,-51.995,71.92,99,91,1.3,overcast clouds
74,Riberalta,BO,-10.9833,-66.1,74.5,97,44,2.64,scattered clouds
75,Margate,GB,51.3813,1.3862,47.3,89,0,1.99,clear sky
76,Saskylakh,RU,71.9167,114.0833,-3.26,96,100,4.38,overcast clouds
77,Jamestown,US,42.097,-79.2353,46.02,60,100,3.44,overcast clouds
78,Kishi,NG,9.0833,3.85,78.98,63,56,5.1,broken clouds
79,Torbay,CA,47.6666,-52.7314,27.57,77,100,8.99,overcast clouds
80,Belogorsk,RU,50.9158,128.4611,31.73,94,100,9.19,overcast clouds
81,Lorengau,PG,-2.0226,147.2712,84.15,70,99,4.32,overcast clouds
82,Hermanus,ZA,-34.4187,19.2345,57.79,73,100,16.67,overcast clouds
83,Sola,VU,-13.8833,167.55,82.94,72,72,11.36,broken clouds
84,Chokurdakh,RU,70.6333,147.9167,-2.25,95,41,1.63,scattered clouds
85,Kahului,US,20.8947,-156.47,80.62,54,20,20.71,few clouds
86,Hilo,US,19.7297,-155.09,78.53,70,40,11.5,scattered clouds
87,New Norfolk,AU,-42.7826,147.0587,72.91,44,53,4.0,broken clouds
88,Faanui,PF,-16.4833,-151.75,81.59,73,23,13.42,few clouds
89,Port Alfred,ZA,-33.5906,26.891,67.57,79,91,17.52,moderate rain
90,Matamoros,MX,25.5333,-103.25,62.71,12,0,0.0,clear sky
91,Nouadhibou,MR,20.931,-17.0347,61.48,78,0,21.32,clear sky
92,Leningradskiy,RU,69.3833,178.4167,-6.68,96,86,9.86,overcast clouds
93,Ilulissat,GL,69.2167,-51.1,21.22,49,100,4.61,overcast clouds
94,Bahia Blanca,AR,-38.7196,-62.2724,57.99,94,100,21.43,overcast clouds
95,Los Llanos De Aridane,ES,28.6585,-17.9182,56.12,79,0,4.61,clear sky
96,Cidreira,BR,-30.1811,-50.2056,72.36,86,100,5.19,overcast clouds
97,Pueblo Nuevo,MX,23.3833,-105.3833,50.05,25,0,6.62,clear sky
98,Coquimbo,CL,-29.9533,-71.3436,58.73,94,0,6.91,clear sky
99,Camana,PE,-16.6228,-72.7111,69.37,81,38,6.62,scattered clouds
100,Ushuaia,AR,-54.8,-68.3,44.47,83,93,9.01,overcast clouds
101,Batagay-Alyta,RU,67.8006,130.4114,9.75,73,99,2.82,overcast clouds
102,Bambous Virieux,MU,-20.3428,57.7575,78.22,73,66,8.72,broken clouds
103,Marsa Matruh,EG,31.3525,27.2453,54.43,60,6,20.74,clear sky
104,Hasaki,JP,35.7333,140.8333,63.28,42,14,6.96,few clouds
105,Karanpura,IN,29.1018,75.092,81.91,14,0,3.69,clear sky
106,Kruisfontein,ZA,-34.0033,24.7314,59.88,87,100,12.08,moderate rain
107,Sovetskiy,RU,61.3614,63.5842,20.61,85,99,15.61,overcast clouds
108,Alice Springs,AU,-23.7,133.8833,83.75,32,40,13.8,scattered clouds
109,Maldonado,UY,-34.6667,-54.9167,57.22,76,3,5.7,clear sky
110,Dikson,RU,73.5069,80.5464,10.26,89,87,15.19,overcast clouds
111,Cabo San Lucas,MX,22.8909,-109.9124,74.52,42,40,11.5,scattered clouds
112,Nikolskoye,RU,59.7035,30.7861,37.87,99,100,3.85,overcast clouds
113,Vestmannaeyjar,IS,63.4427,-20.2734,43.12,83,100,16.6,light rain
114,Monster,NL,52.0258,4.175,43.99,82,20,3.44,few clouds
115,Vuktyl,RU,63.8567,57.3094,12.81,90,97,11.88,overcast clouds
116,Galveston,US,29.3669,-94.9669,62.94,59,0,6.91,clear sky
117,Dali,CN,25.7,100.1833,62.53,47,50,7.16,scattered clouds
118,Faya,SA,18.3851,42.4509,46.92,22,1,0.63,clear sky
119,Tuatapere,NZ,-46.1333,167.6833,64.56,61,15,6.15,few clouds
120,Qaanaaq,GL,77.484,-69.3632,-13.94,58,21,7.96,few clouds
121,Shimoda,JP,34.6667,138.95,59.11,65,92,9.13,overcast clouds
122,Codrington,AU,-38.2667,141.9667,67.69,49,20,10.38,few clouds
123,Esperance,AU,-33.8667,121.9,72.88,48,0,6.98,clear sky
124,Coolum Beach,AU,-26.5333,153.1,83.34,65,7,6.62,clear sky
125,San Javier,ES,37.8063,-0.8374,58.71,83,100,24.0,overcast clouds
126,Sorong,ID,-0.8833,131.25,81.68,72,100,2.8,light rain
127,Nanortalik,GL,60.1432,-45.2371,26.62,69,100,4.94,overcast clouds
128,Nakhon Nayok,TH,14.1667,101.1,90.99,50,84,6.49,broken clouds
129,Bolkhov,RU,53.4433,36.0044,33.78,89,100,5.08,overcast clouds
130,Saldanha,ZA,-33.0117,17.9442,61.72,87,0,16.58,clear sky
131,Barrow,US,71.2906,-156.7887,1.42,78,0,14.97,clear sky
132,Semnan,IR,35.5729,53.3971,53.49,47,0,7.11,clear sky
133,Agvali,RU,42.5385,46.1197,25.59,95,100,3.6,overcast clouds
134,Bloemfontein,ZA,-29.1211,26.214,55.11,69,6,1.52,clear sky
135,Tasiilaq,GL,65.6145,-37.6368,19.56,62,100,7.96,overcast clouds
136,Ossora,RU,59.2353,163.0719,23.23,69,75,3.31,broken clouds
137,Vaini,TO,-21.2,-175.2,82.56,78,40,10.36,scattered clouds
138,Pathein,MM,16.7833,94.7333,86.13,55,57,7.23,broken clouds
139,East London,ZA,-33.0153,27.9116,68.77,69,61,17.36,broken clouds
140,Beidao,CN,34.5686,105.8933,54.18,31,96,15.08,overcast clouds
141,Saint-Philippe,RE,-21.3585,55.7679,76.59,82,8,7.4,clear sky
142,Mont-Dore,NC,-22.2833,166.5833,84.18,68,86,12.28,overcast clouds
143,Itarema,BR,-2.9248,-39.9167,76.89,86,54,6.44,broken clouds
144,Ikwiriri,TZ,-7.9562,38.9716,72.23,97,2,2.46,clear sky
145,Sibolga,ID,1.7427,98.7792,85.21,54,9,2.98,clear sky
146,Souillac,MU,-20.5167,57.5167,79.18,83,40,5.75,scattered clouds
147,Thompson,CA,55.7435,-97.8558,17.76,86,100,20.71,overcast clouds
148,Gamba,GA,-2.65,10.0,77.74,91,87,4.7,moderate rain
149,Chapais,CA,49.7834,-74.8492,29.98,98,100,10.02,snow
150,Berbera,SO,10.4396,45.0143,78.57,85,23,4.85,light rain
151,Baykit,RU,61.67,96.37,20.53,88,98,1.28,overcast clouds
152,Rehoboth,NA,-23.3167,17.0833,64.54,78,90,3.09,overcast clouds
153,Palana,RU,59.1167,159.9667,19.94,87,100,18.12,overcast clouds
154,Oksfjord,NO,70.2396,22.3479,26.67,92,100,6.53,light snow
155,Gaspe,CA,48.8334,-64.4819,30.42,74,100,4.61,overcast clouds
156,Hithadhoo,MV,-0.6,73.0833,83.82,69,25,19.35,scattered clouds
157,Seymchan,RU,62.8833,152.4333,10.56,74,100,2.46,overcast clouds
158,Hobyo,SO,5.3505,48.5268,80.98,77,93,5.64,light rain
159,Etchoropo,MX,26.7667,-109.6667,65.37,53,1,9.75,clear sky
160,Divnoye,RU,45.9089,43.3547,34.41,98,100,6.38,light snow
161,Kalofer,BG,42.6167,24.9833,33.03,63,12,5.23,few clouds
162,Mitsamiouli,KM,-11.3847,43.2844,82.29,75,75,3.65,broken clouds
163,Komsomolskiy,UZ,40.4272,71.7189,41.72,75,11,4.61,few clouds
164,Rodrigues Alves,BR,-7.738,-72.6509,73.36,98,100,2.33,overcast clouds
165,Nelson Bay,AU,-32.7167,152.15,76.08,70,83,3.0,light rain
166,Amurzet,RU,47.6967,131.0981,32.61,100,100,9.73,light snow
167,Puerto Colombia,CO,10.9878,-74.9547,78.89,82,96,27.45,overcast clouds
168,Ponta Delgada,PT,37.7333,-25.6667,59.72,82,75,20.71,broken clouds
169,Flin Flon,CA,54.7682,-101.865,19.9,83,100,17.6,overcast clouds
170,Najran,SA,17.4924,44.1277,65.05,38,0,4.03,clear sky
171,Platanos,GR,37.6667,21.6167,47.57,66,0,4.18,clear sky
172,Lerwick,GB,60.1545,-1.1494,46.4,91,99,18.5,overcast clouds
173,Shalakusha,RU,62.2247,40.2539,7.75,98,87,1.3,overcast clouds
174,Egvekinot,RU,66.3167,-179.1667,4.68,83,0,1.92,clear sky
175,Constantine,DZ,36.365,6.6147,47.61,76,0,6.91,clear sky
176,Avarua,CK,-21.2078,-159.775,78.85,89,100,3.44,overcast clouds
177,Mayya,RU,61.7333,130.2811,15.12,87,95,4.0,overcast clouds
178,Chuy,UY,-33.6971,-53.4616,55.83,70,8,6.49,clear sky
179,Ust-Nera,RU,64.5667,143.2,6.94,87,86,4.21,overcast clouds
180,Sioux Lookout,CA,50.1001,-91.917,32.07,80,20,4.61,few clouds
181,Shahr-E Kord,IR,32.3256,50.8644,46.17,19,0,18.41,clear sky
182,Port-Cartier,CA,50.0334,-66.8654,28.51,98,100,7.92,snow
183,Airai,TL,-8.9266,125.4092,73.58,63,50,1.77,scattered clouds
184,Sabancuy,MX,18.9667,-91.1833,73.99,66,47,14.43,scattered clouds
185,Kaeo,NZ,-35.1,173.7833,72.32,77,15,14.61,few clouds
186,Bedele,ET,8.456,36.353,52.92,91,27,2.21,scattered clouds
187,Pinawa,CA,50.1489,-95.8811,36.61,96,100,11.97,overcast clouds
188,Piacabucu,BR,-10.4056,-36.4344,77.47,77,43,5.48,scattered clouds
189,Aklavik,CA,68.2191,-135.0107,-0.26,92,75,11.81,broken clouds
190,Tumpat,MY,6.1978,102.171,85.98,79,20,4.61,few clouds
191,Beringovskiy,RU,63.05,179.3167,20.16,92,100,4.7,light snow
192,Atuona,PF,-9.8,-139.0333,79.61,78,98,18.57,overcast clouds
193,Kutum,SD,14.2,24.6667,57.47,22,12,8.32,few clouds
194,Muroto,JP,33.2833,134.15,59.92,60,41,3.31,scattered clouds
195,Mangrol,IN,21.1167,70.1167,79.16,61,63,7.4,broken clouds
196,Smithers,CA,54.7804,-127.1743,43.12,36,100,4.61,overcast clouds
197,Lillooet,CA,50.6856,-121.942,39.18,87,100,3.11,overcast clouds
198,Umea,SE,63.8284,20.2597,30.13,100,75,3.44,snow
199,Lyndon,US,38.2567,-85.6016,47.55,64,100,8.05,overcast clouds
200,Kavieng,PG,-2.5744,150.7967,84.96,63,88,5.46,overcast clouds
201,Severo-Kurilsk,RU,50.6789,156.125,30.24,66,75,10.96,broken clouds
202,Show Low,US,34.2542,-110.0298,46.69,28,0,0.0,clear sky
203,Mumford,GH,5.2618,-0.759,80.13,86,94,7.83,overcast clouds
204,Gazanjyk,TM,39.2446,55.5154,49.77,71,98,4.7,overcast clouds
205,Victoria,HK,22.2855,114.1577,77.97,94,94,23.0,overcast clouds
206,Greenwood,US,34.1668,-82.1165,57.56,63,0,5.75,clear sky
207,Fortuna,US,40.5982,-124.1573,49.93,93,100,5.75,overcast clouds
208,Porto Walter,BR,-8.2686,-72.7439,73.11,98,95,2.35,overcast clouds
209,Nhulunbuy,AU,-12.2333,136.7667,75.81,100,100,8.05,moderate rain
210,Mattawa,US,46.7379,-119.9028,54.01,28,32,10.0,scattered clouds
211,Gorele,TR,41.0308,39.0031,38.16,88,97,3.6,overcast clouds
212,Georgetown,MY,5.4112,100.3354,89.53,79,20,5.75,few clouds
213,Dingle,PH,10.9995,122.6711,87.87,59,98,12.08,overcast clouds
214,Santa Isabel Do Rio Negro,BR,-0.4139,-65.0192,75.34,92,89,2.33,overcast clouds
215,Parry Sound,CA,45.3501,-80.033,39.25,100,100,8.01,overcast clouds
216,Lao Cai,VN,22.4833,103.95,78.42,70,54,1.07,broken clouds
217,Poum,NC,-20.2333,164.0167,81.07,71,40,3.36,scattered clouds
218,Buraydah,SA,26.326,43.975,55.85,29,0,8.37,clear sky
219,Ko Samui,TH,9.5357,99.9357,89.51,66,40,0.0,scattered clouds
220,Iranshahr,IR,27.2025,60.6848,68.34,18,0,4.61,clear sky
221,Tessalit,ML,20.1986,1.0114,77.38,10,22,8.63,few clouds
222,Erenhot,CN,43.6475,111.9767,38.37,25,82,9.93,broken clouds
223,San Patricio,US,28.017,-97.5169,64.83,35,0,8.43,clear sky
224,Kenai,US,60.5544,-151.2583,40.03,62,100,25.32,overcast clouds
225,Vaitape,PF,-16.5167,-151.75,81.59,73,22,13.4,few clouds
226,Sudislavl,RU,57.8817,41.7083,28.94,87,100,9.33,overcast clouds
227,Cartagena,CO,10.3997,-75.5144,78.42,83,0,8.05,clear sky
228,Bredasdorp,ZA,-34.5322,20.0403,62.62,64,100,12.82,overcast clouds
229,Anshun,CN,26.25,105.9333,73.44,40,0,13.47,clear sky
230,Srednekolymsk,RU,67.45,153.6833,9.63,86,100,7.07,overcast clouds
231,Ivanovka,KG,42.8878,75.085,35.74,93,98,5.79,overcast clouds
232,Griffith,US,41.5284,-87.4237,41.4,93,100,11.5,light intensity drizzle
233,Launceston,AU,-41.45,147.1667,74.84,33,32,4.61,scattered clouds
234,Oranjemund,NA,-28.55,16.4333,59.16,97,8,8.43,clear sky
235,Aripuana,BR,-9.1667,-60.6333,73.11,98,100,1.59,overcast clouds
236,Harper,LR,4.375,-7.7169,79.16,88,19,3.69,few clouds
237,Baytown,US,29.7355,-94.9774,61.11,57,0,3.31,clear sky
238,Keti Bandar,PK,24.1447,67.4497,78.44,68,0,9.1,clear sky
239,Constitucion,CL,-35.3333,-72.4167,55.81,62,0,6.31,clear sky
240,Wonthaggi,AU,-38.6044,145.5913,65.82,58,2,7.65,clear sky
241,Narsaq,GL,60.9167,-46.05,35.82,68,100,6.89,overcast clouds
242,Tiznit,MA,29.5833,-9.5,52.02,86,64,6.55,broken clouds
243,Naze,JP,28.3667,129.4833,68.92,70,98,20.96,overcast clouds
244,Uusikaupunki,FI,60.8004,21.4084,35.13,90,100,5.21,overcast clouds
245,Imeni Poliny Osipenko,RU,52.4201,136.4853,27.46,91,100,4.23,overcast clouds
246,Adrar,MR,20.5022,-10.0711,62.29,33,0,11.03,clear sky
247,Tarauaca,BR,-8.1614,-70.7656,73.72,99,100,2.3,overcast clouds
248,Huambo,AO,-12.7761,15.7392,57.94,96,100,0.69,overcast clouds
249,Arlit,NE,18.7369,7.3853,74.52,14,76,10.47,broken clouds
250,Lavrentiya,RU,65.5833,-171.0,5.83,90,100,3.96,overcast clouds
251,Spassk,RU,52.747,87.7545,23.02,92,100,11.92,light snow
252,Sampit,ID,-2.5333,112.95,81.0,88,94,2.28,light rain
253,Hervey Bay,AU,-25.2986,152.8535,78.22,55,11,4.99,few clouds
254,Eyl,SO,7.9803,49.8164,77.47,75,20,9.24,few clouds
255,Voyvozh,RU,62.892,54.9635,13.77,92,100,11.34,overcast clouds
256,Sargatskoye,RU,55.6101,73.4972,21.61,94,100,15.46,overcast clouds
257,Salvador,SV,13.8333,-88.9167,73.8,75,83,2.95,broken clouds
258,Abu Samrah,SY,35.3029,37.1841,39.34,93,100,11.86,overcast clouds
259,Lamu,KE,-2.2717,40.902,82.62,90,1,8.25,clear sky
260,Shingu,JP,33.7333,135.9833,60.26,58,76,4.99,broken clouds
261,Mikhaylovsk,RU,45.1283,42.0256,30.42,100,100,4.47,snow
262,Balkhash,KZ,46.844,74.9804,32.61,74,0,6.71,clear sky
263,Juneau,US,58.3019,-134.4197,42.8,85,100,9.22,overcast clouds
264,Springbok,ZA,-29.6643,17.8865,58.66,76,0,1.83,clear sky
265,Lamar,US,33.6668,-95.5836,53.51,40,0,5.75,clear sky
266,Corner Brook,CA,48.9667,-57.9484,23.16,97,100,3.36,overcast clouds
267,Puerto Madryn,AR,-42.7692,-65.0385,56.55,65,0,7.25,clear sky
268,Havre-Saint-Pierre,CA,50.2334,-63.5986,28.4,86,100,8.05,overcast clouds
269,Clyde River,CA,70.4692,-68.5914,-3.77,77,100,31.07,light snow
270,Hakkari,TR,37.5833,44.1667,15.08,98,95,1.81,overcast clouds
271,Rio Grande,BR,-32.035,-52.0986,66.94,63,100,16.28,overcast clouds
272,Tahoua,NE,14.8888,5.2692,77.09,13,0,14.36,clear sky
273,Norman Wells,CA,65.282,-126.8329,3.24,55,20,5.75,few clouds
274,Kasongo,CD,-4.45,26.6667,67.93,92,100,2.26,light rain
275,Lixourion,GR,38.2019,20.4314,54.61,76,0,10.4,clear sky
276,Provideniya,RU,64.3833,-173.3,14.36,73,20,11.18,few clouds
277,Roma,US,43.2128,-75.4557,42.96,91,100,5.75,overcast clouds
278,Eastbourne,GB,50.7687,0.2845,49.48,58,5,9.24,clear sky
279,Pangnirtung,CA,66.1451,-65.7125,2.8,99,100,2.15,overcast clouds
280,Port Blair,IN,11.6667,92.75,86.04,66,20,2.3,haze
281,Hailar,CN,49.2,119.7,28.44,90,91,8.16,overcast clouds
282,Genhe,CN,50.7833,121.5167,32.56,76,100,6.85,light snow
283,Marondera,ZW,-18.1853,31.5519,56.95,89,0,1.92,clear sky
284,Edson,CA,53.5835,-116.4356,30.31,55,0,0.0,clear sky
285,Asau,RO,46.4333,26.4,31.28,75,6,4.9,clear sky
286,Honiara,SB,-9.4333,159.95,82.94,80,82,3.51,broken clouds
287,Antofagasta,CL,-23.65,-70.4,61.88,81,38,4.47,scattered clouds
288,Vila Velha,BR,-20.3297,-40.2925,75.15,100,100,2.3,overcast clouds
289,Xanxere,BR,-26.8769,-52.4042,60.71,97,100,3.33,overcast clouds
290,Gangapur,IN,26.4833,76.7167,83.52,15,1,0.69,clear sky
291,Soe,ID,-9.8607,124.284,79.95,63,47,4.36,heavy intensity rain
292,Talnakh,RU,69.4865,88.3972,11.21,92,100,11.07,overcast clouds
293,Minab,IR,27.1467,57.0801,79.02,28,0,2.91,clear sky
294,Katangli,RU,51.7102,143.2326,32.41,93,14,4.07,few clouds
295,Hambantota,LK,6.1241,81.1185,82.09,70,16,7.78,few clouds
296,Saint George,US,37.1041,-113.5841,72.95,18,0,5.99,clear sky
297,Zhigansk,RU,66.7697,123.3711,10.67,84,49,5.48,scattered clouds
298,Eregli,TR,37.5133,34.0467,29.97,94,100,2.01,light snow
299,Te Anau,NZ,-45.4167,167.7167,65.61,45,12,2.98,few clouds
300,Lundazi,ZM,-12.2929,33.1782,61.61,93,97,3.44,overcast clouds
301,Barranca,PE,-10.75,-77.7667,69.96,80,100,7.49,overcast clouds
302,Bereda,ES,43.2686,-7.5406,44.58,100,62,3.06,broken clouds
303,Kaitangata,NZ,-46.2817,169.8464,62.55,53,14,5.5,few clouds
304,Portland,US,45.5234,-122.6762,58.66,69,0,0.0,clear sky
305,Lakes Entrance,AU,-37.8811,147.981,65.82,59,3,6.11,clear sky
306,Katsuura,JP,35.1333,140.3,57.29,50,37,8.95,scattered clouds
307,Axim,GH,4.8699,-2.2405,79.2,86,84,4.16,broken clouds
308,Aloleng,PH,16.1307,119.7824,86.52,63,19,7.94,few clouds
309,Neuquen,AR,-38.9516,-68.0591,60.64,31,0,6.04,clear sky
310,Roald,NO,62.5833,6.1333,48.33,93,100,26.46,mist
311,Sonari,IN,27.0667,95.0333,66.25,42,71,1.72,broken clouds
312,Mount Gambier,AU,-37.8333,140.7667,69.42,45,15,8.03,few clouds
313,Anloga,GH,5.7947,0.8973,82.2,82,84,12.57,broken clouds
314,Cairns,AU,-16.9167,145.7667,90.07,66,40,6.91,scattered clouds
315,Luena,AO,-11.7833,19.9167,59.83,95,47,3.67,scattered clouds
316,Sivaki,RU,52.6333,126.75,29.64,74,100,6.76,overcast clouds
317,Sao Joao Da Barra,BR,-21.6403,-41.0511,76.14,85,1,12.21,clear sky
318,Quatre Cocos,MU,-20.2078,57.7625,79.09,74,41,8.34,scattered clouds
319,Montevideo,UY,-34.8335,-56.1674,55.11,76,75,4.61,broken clouds
320,Broken Hill,AU,-31.95,141.4333,72.61,28,0,15.01,clear sky
321,Bakchar,RU,57.0186,82.0711,19.38,95,93,6.98,overcast clouds
322,Nantucket,US,41.2835,-70.0995,53.71,98,100,17.27,mist
323,Serravalle Pistoiese,IT,43.9061,10.8327,52.72,57,1,2.37,clear sky
324,Arman,RU,59.7,150.1667,23.02,83,87,4.25,overcast clouds
325,Provost,CA,52.3501,-110.2683,37.85,72,6,11.59,clear sky
326,Halifax,CA,44.6453,-63.5724,35.22,88,100,11.5,overcast clouds
327,Yar-Sale,RU,66.8333,70.8333,4.64,95,100,4.47,overcast clouds
328,Basoko,CD,1.2391,23.616,72.19,87,18,1.72,few clouds
329,Jieshi,CN,22.8134,115.8257,64.94,91,94,12.19,overcast clouds
330,Bakel,SN,14.905,-12.4568,81.68,12,0,11.59,clear sky
331,Chernyshevskiy,RU,63.0128,112.4714,18.91,88,84,5.7,broken clouds
332,Betsiamites,CA,48.9413,-68.646,32.4,99,100,9.51,snow
333,Praia Da Vitoria,PT,38.7333,-27.0667,61.05,88,75,23.76,broken clouds
334,Saint-Francois,FR,46.4154,3.9054,31.44,93,2,1.14,mist
335,Miramar,US,25.9873,-80.2323,80.6,79,100,8.05,overcast clouds
336,Henties Bay,NA,-22.116,14.2845,63.95,89,1,3.96,clear sky
337,Opuwo,NA,-18.0607,13.84,64.36,84,30,2.15,scattered clouds
338,Kincardine,GB,56.0667,-3.7167,47.19,93,32,3.44,scattered clouds
339,Guilin,CN,25.2819,110.2864,66.31,98,100,1.19,overcast clouds
340,Broome,US,42.2506,-75.833,47.37,80,100,1.01,moderate rain
341,Dannenberg,DE,53.0967,11.09,38.14,66,4,1.57,clear sky
342,Taltal,CL,-25.4,-70.4833,65.23,79,3,3.31,clear sky
343,Kearney,US,40.6995,-99.0815,48.25,31,20,4.61,few clouds
344,Chatham,GB,51.3789,0.5279,48.31,76,0,1.01,clear sky
345,Iqaluit,CA,63.7506,-68.5145,4.73,71,40,3.44,scattered clouds
346,Khandbari,NP,27.3747,87.2039,76.3,20,0,3.11,clear sky
347,Uberaba,BR,-19.7483,-47.9319,75.78,69,0,3.44,clear sky
348,Talara,PE,-4.5772,-81.2719,74.14,75,62,13.2,broken clouds
349,Holme,DK,56.1138,10.1725,40.57,80,53,8.46,broken clouds
350,Port Lincoln,AU,-34.7333,135.8667,66.65,57,25,11.99,scattered clouds
351,Longyearbyen,SJ,78.2186,15.6401,-2.36,71,75,9.22,broken clouds
352,La Ronge,CA,55.1001,-105.2842,21.45,58,100,20.71,overcast clouds
353,Payo,ID,-3.7508,103.6372,87.76,61,100,1.97,overcast clouds
354,Vila Franca Do Campo,PT,37.7167,-25.4333,59.41,80,97,13.22,overcast clouds
355,Kudahuvadhoo,MV,2.6708,72.8944,83.07,64,18,14.72,few clouds
356,Mountain Home,US,43.133,-115.6912,54.88,100,0,8.05,clear sky
357,Wanaka,NZ,-44.7,169.15,64.08,54,52,4.41,broken clouds
358,Tigil,RU,57.8,158.6667,24.4,77,82,10.6,broken clouds
359,Port Hawkesbury,CA,45.6169,-61.3485,31.95,86,100,6.91,light snow
360,Dolores,AR,-36.3132,-57.6792,50.4,84,92,6.17,overcast clouds
361,Cave Spring,US,37.2276,-80.0128,57.18,55,40,9.22,scattered clouds
362,Dalaba,GN,10.7,-12.25,63.73,86,37,3.4,scattered clouds
363,Conde,BR,-7.2597,-34.9075,74.66,94,0,2.3,clear sky
364,Zhaoyuan,CN,37.3592,120.3964,48.51,95,100,6.78,light rain
365,Husavik,IS,66.0449,-17.3389,22.57,76,100,9.86,overcast clouds
366,Ketchikan,US,55.3422,-131.6461,48.18,65,100,11.5,overcast clouds
367,Lagoa,PT,39.05,-27.9833,59.79,88,100,33.31,overcast clouds
368,Paamiut,GL,61.994,-49.6678,12.74,71,1,7.43,clear sky
369,Bilma,NE,18.6853,12.9164,67.05,17,2,11.52,clear sky
370,Tambo,PE,-14.8,-73.9167,39.07,88,71,1.45,broken clouds
371,Turmalina,BR,-17.2856,-42.73,63.86,98,11,2.62,few clouds
372,Dunedin,NZ,-45.8742,170.5036,61.3,63,3,6.22,clear sky
373,Mayumba,GA,-3.432,10.6554,78.8,92,56,5.79,moderate rain
374,Boueni,YT,-12.9025,45.0761,78.78,73,96,5.97,overcast clouds
375,Cuenca,EC,-2.8833,-78.9833,55.53,94,87,0.0,overcast clouds
376,Cabedelo,BR,-6.9811,-34.8339,75.87,82,73,7.27,broken clouds
377,Rafraf,TN,37.1904,10.1837,52.11,74,99,19.55,overcast clouds
378,Lincoln,US,40.8,-96.667,39.16,83,20,0.0,few clouds
379,Bell Ville,AR,-32.6259,-62.6887,59.81,34,99,22.32,overcast clouds
380,Avera,US,33.194,-82.5271,55.45,64,100,5.68,overcast clouds
381,Pochutla,MX,15.7432,-96.4661,79.83,83,93,4.16,overcast clouds
382,Trail,CA,49.0998,-117.7022,42.67,88,100,2.86,overcast clouds
383,Presidente Franco,PY,-25.5333,-54.6167,70.32,100,100,4.61,thunderstorm with rain
384,Sterling,US,39.0062,-77.4286,53.22,95,100,12.66,mist
385,Orsk,RU,51.2049,58.5668,22.1,86,99,22.37,overcast clouds
386,Sandovo,RU,58.4602,36.4128,31.08,97,100,6.62,overcast clouds
387,Meulaboh,ID,4.1363,96.1285,82.96,75,60,0.94,broken clouds
388,Wattegama,LK,6.7989,81.4808,81.63,68,9,3.76,clear sky
389,Nuuk,GL,64.1835,-51.7216,20.01,58,20,3.44,few clouds
390,Krasnystaw,PL,50.9846,23.1742,35.8,85,8,6.73,clear sky
391,Kirsanov,RU,52.6549,42.7224,28.81,96,99,3.22,overcast clouds
392,Garden City,US,42.3256,-83.331,44.89,80,75,5.75,broken clouds
393,Yulara,AU,-25.2406,130.9889,84.04,32,0,16.11,clear sky
394,Krasnoselkup,RU,65.7,82.4667,10.08,95,99,10.74,overcast clouds
395,Solenzo,BF,12.1833,-4.0833,89.56,30,97,5.68,overcast clouds
396,Ghindari,RO,46.5,24.9167,27.23,69,62,2.73,broken clouds
397,Ribeira Grande,PT,38.5167,-28.7,60.66,90,100,27.65,overcast clouds
398,Grindavik,IS,63.8424,-22.4338,37.35,80,100,17.27,overcast clouds
399,Saint-Louis,SN,16.3333,-15.0,71.24,33,4,10.42,clear sky
400,Lebu,CL,-37.6167,-73.65,54.64,82,2,20.85,clear sky
401,Sayat,TM,38.7839,63.8803,42.67,67,100,9.86,overcast clouds
402,Yenagoa,NG,4.9247,6.2642,77.9,94,86,3.49,overcast clouds
403,Sawtell,AU,-30.3833,153.1,71.62,88,75,6.91,light intensity shower rain
404,Dese,ET,11.1333,39.6333,52.79,68,2,0.98,clear sky
405,Mar Del Plata,AR,-38.0023,-57.5575,60.1,85,100,10.0,light rain
406,Aranos,NA,-24.1333,19.1167,67.15,72,98,4.72,overcast clouds
407,Qarayeri,AZ,40.7886,46.3066,34.68,75,40,11.5,scattered clouds
408,Barra Dos Coqueiros,BR,-10.9089,-37.0386,78.82,83,20,4.61,few clouds
409,Nea Apollonia,GR,40.6333,23.45,54.63,44,0,4.88,clear sky
410,Khani,GE,41.9563,42.9566,31.57,91,91,4.76,overcast clouds
411,Kirkwall,GB,58.9848,-2.9587,48.96,93,75,0.0,broken clouds
412,Cape Canaveral,US,28.4058,-80.6048,71.01,80,100,14.97,haze
413,Kavaratti,IN,10.5669,72.642,82.18,68,6,5.14,clear sky
414,Tazovskiy,RU,67.4667,78.7,4.8,96,100,9.19,overcast clouds
415,Jardim,BR,-21.4803,-56.1381,75.65,79,89,4.12,moderate rain
416,Longfeng,CN,46.55,125.1167,37.54,77,100,12.44,overcast clouds
417,Puerto Leguizamo,CO,-0.1934,-74.7819,73.96,96,99,0.43,overcast clouds
418,Kontagora,NG,10.3999,5.4695,78.44,17,16,5.59,few clouds
419,Ahipara,NZ,-35.1667,173.1667,68.65,75,73,17.38,broken clouds
420,Lata,PT,40.1629,-8.3327,55.08,88,95,6.46,overcast clouds
421,Mehamn,NO,71.0357,27.8492,23.77,86,100,17.69,light snow
422,Rawson,AR,-43.3002,-65.1023,56.88,68,0,6.96,clear sky
423,Cayenne,GF,4.9333,-52.3333,80.1,1,100,9.22,overcast clouds
424,Mao,ES,39.8885,4.2658,54.16,82,20,12.66,few clouds
425,Shinjo,JP,38.7586,140.3008,51.85,47,77,1.97,broken clouds
426,Tokur,RU,53.1333,132.9,26.38,80,12,2.13,few clouds
427,Atar,MR,20.5169,-13.0499,64.27,32,0,9.8,clear sky
428,Sonipat,IN,28.9833,77.0167,75.2,14,0,4.68,clear sky
429,Erdenet,MN,49.0333,104.0833,23.47,24,3,16.89,clear sky
430,San Jose,US,37.3394,-121.895,60.13,78,40,12.66,scattered clouds
431,Rovaniemi,FI,66.5,25.7167,26.01,86,100,5.75,light shower snow
432,Ustka,PL,54.5805,16.8619,39.31,90,0,8.84,clear sky
433,Bathsheba,BB,13.2167,-59.5167,79.41,73,20,23.02,few clouds
434,Yelizovo,RU,53.1873,158.3805,32.14,39,75,13.42,broken clouds
435,Tayoltita,MX,24.0833,-105.9333,61.79,30,0,5.77,clear sky
436,Dandong,CN,40.1292,124.3947,47.44,79,100,5.23,moderate rain
437,Tshikapa,CD,-6.4167,20.8,70.0,89,53,1.74,light rain
438,Vardo,NO,70.3705,31.1107,27.99,80,100,41.45,light snow
439,Papara,BR,-3.9839,-38.7273,77.4,95,99,2.77,overcast clouds
440,Amapa,BR,1.0,-52.0,71.98,100,100,1.1,moderate rain
441,Hofn,IS,64.2539,-15.2082,36.61,68,100,8.9,overcast clouds
442,Kichera,RU,55.9375,110.0997,24.84,59,100,0.31,overcast clouds
443,Maraba,BR,-5.3686,-49.1178,72.77,99,100,2.91,moderate rain
444,Tymovskoye,RU,50.8456,142.655,37.0,69,24,2.68,few clouds
445,Beloha,MG,-25.1667,45.05,71.15,76,0,5.23,clear sky
446,Kuching,MY,1.55,110.3333,82.62,83,20,5.01,few clouds
447,Hearst,CA,49.6835,-83.6665,30.45,98,100,4.18,overcast clouds
448,Enumclaw,US,47.2043,-121.9915,49.19,83,100,1.01,overcast clouds
449,Elko,US,41.0002,-115.5012,55.22,28,100,5.99,overcast clouds
450,Yerbogachen,RU,61.2767,108.0108,21.18,89,99,5.23,overcast clouds
451,Preobrazheniye,RU,42.9019,133.9064,39.18,96,100,4.29,moderate rain
452,Scarborough,GB,54.2797,-0.4044,51.66,66,87,1.99,overcast clouds
453,Aykino,RU,62.2248,49.9922,15.44,85,92,9.98,overcast clouds
454,Atherton,GB,53.5237,-2.4935,48.78,66,100,2.86,overcast clouds
455,Kalabo,ZM,-14.97,22.6814,64.45,96,100,1.63,overcast clouds
456,Along,IN,28.1667,94.7667,68.9,73,75,2.26,broken clouds
457,Cherskiy,RU,68.75,161.3,12.79,91,100,11.9,overcast clouds
458,San-Pedro,CI,4.7485,-6.6363,77.95,93,35,4.36,light rain
459,Amboasary,MG,-25.0333,46.3833,74.21,82,0,4.7,clear sky
460,Luderitz,NA,-26.6481,15.1594,62.4,83,0,14.81,clear sky
461,Lucapa,AO,-8.4192,20.7447,64.35,93,15,2.62,few clouds
462,Magadan,RU,59.5667,150.8,22.53,85,86,3.8,overcast clouds
463,Binzhou,CN,37.3667,118.0167,50.05,90,100,7.02,overcast clouds
464,Solnechnyy,RU,50.7214,136.6319,31.1,86,100,4.25,overcast clouds
465,Bemidji,US,47.4736,-94.8803,40.77,94,100,10.36,overcast clouds
466,Maralal,KE,1.0968,36.698,59.02,79,16,1.32,few clouds
467,Padang,ID,-0.9492,100.3543,86.05,48,100,2.01,overcast clouds
468,Pandan,PH,14.0453,124.1694,85.33,70,18,11.97,few clouds
469,Acarau,BR,-2.8856,-40.12,77.41,86,29,6.49,scattered clouds
470,San Vicente,AR,-26.6167,-54.1333,65.48,100,91,2.55,light rain
471,Manzhouli,CN,49.6,117.4333,32.77,45,93,7.31,overcast clouds
472,Katobu,ID,-4.9408,122.5276,87.35,61,47,4.65,scattered clouds
473,Takoradi,GH,4.8845,-1.7554,79.86,84,82,5.48,broken clouds
474,Risti,EE,58.9975,24.058,35.28,86,41,3.49,scattered clouds
475,Koumac,NC,-20.5667,164.2833,81.82,71,75,3.87,broken clouds
476,Yerofey Pavlovich,RU,53.9667,121.9667,29.23,84,100,5.57,overcast clouds
477,North Bend,US,43.4065,-124.2243,52.92,92,20,6.91,few clouds
478,Srandakan,ID,-7.9386,110.2506,83.43,73,98,3.15,overcast clouds
479,Torrelavega,ES,43.3494,-4.0479,53.8,84,100,1.99,overcast clouds
480,Kungurtug,RU,50.5994,97.5228,15.31,69,100,3.31,overcast clouds
481,Mabaruma,GY,8.2,-59.7833,72.97,98,99,4.63,overcast clouds
482,Port Elizabeth,ZA,-33.918,25.5701,62.1,99,100,4.61,light intensity drizzle rain
483,Kaseda,JP,31.4167,130.3167,66.06,62,100,20.15,overcast clouds
484,Port-Gentil,GA,-0.7193,8.7815,80.87,80,95,7.4,light rain
485,Hami,CN,42.8,93.45,40.41,25,0,4.59,clear sky
486,Nauta,PE,-4.5061,-73.5757,73.85,97,96,0.38,overcast clouds
487,Karratha,AU,-20.7377,116.8463,92.82,46,55,9.86,broken clouds
488,Huarmey,PE,-10.0681,-78.1522,71.1,82,98,8.55,overcast clouds
489,Alyangula,AU,-13.8483,136.4192,89.47,58,40,11.5,scattered clouds
490,Karla,EE,59.3723,24.9275,37.56,88,0,3.44,clear sky
491,Ulety,RU,51.3572,112.4849,28.44,66,100,7.63,overcast clouds
492,Semirom,IR,31.4167,51.5667,39.85,57,4,9.51,clear sky
493,Lebyazhye,RU,55.2689,66.4947,29.73,94,100,14.09,overcast clouds
494,Bitkine,TD,11.9801,18.2138,75.09,17,79,9.22,broken clouds
495,Santa Maria,BR,-29.6842,-53.8069,69.1,78,75,12.66,broken clouds
496,Tommot,RU,58.9564,126.2925,27.57,85,100,0.92,overcast clouds
497,Touros,BR,-5.1989,-35.4608,77.85,87,94,7.29,overcast clouds
498,Tutoia,BR,-2.7619,-42.2744,76.69,87,99,4.54,overcast clouds
499,Tetouan,MA,35.5711,-5.3724,48.97,76,90,3.44,overcast clouds
500,Zima,RU,53.9202,102.0442,21.79,77,93,2.15,overcast clouds
501,Nova Gradiska,HR,45.255,17.3831,33.69,54,0,1.28,clear sky
502,Manono,CD,-7.3,27.4167,66.13,88,32,2.46,scattered clouds
503,Half Moon Bay,US,37.4636,-122.4286,57.29,84,100,18.41,mist
504,Sistranda,NO,63.7256,8.834,44.56,90,100,36.86,overcast clouds
505,Zhezkazgan,KZ,47.8043,67.7144,26.58,93,0,4.47,clear sky
506,Hibbing,US,47.4272,-92.9377,33.15,80,0,0.0,clear sky
507,Inuvik,CA,68.3499,-133.7218,0.46,60,0,10.36,clear sky
508,Salalah,OM,17.0151,54.0924,69.89,49,0,4.61,clear sky
509,Moerai,PF,-22.4333,-151.3333,80.37,71,100,11.9,overcast clouds
510,Frome,GB,51.2283,-2.3221,46.71,82,0,3.71,clear sky
511,Santa Cruz Cabralia,BR,-16.2781,-39.0247,75.43,94,20,3.44,few clouds
512,Bone,DE,51.9669,12.1396,40.35,62,0,1.57,clear sky
513,Caravelas,BR,-17.7125,-39.2481,74.37,92,3,2.48,clear sky
514,Asosa,ET,10.0667,34.5333,67.53,26,3,5.68,clear sky
515,Chimbote,PE,-9.0853,-78.5783,69.85,83,100,6.33,overcast clouds
516,Jumla,NP,29.2747,82.1838,56.3,27,0,2.13,clear sky
517,Brufut,GM,13.3814,-16.7518,67.37,78,8,15.77,clear sky
518,Zhengjiatun,CN,43.5064,123.5064,47.98,36,90,15.1,overcast clouds
519,West Bay,KY,19.3667,-81.4167,80.67,81,20,5.75,few clouds
520,Atambua,ID,-9.1061,124.8925,82.65,68,44,3.29,light rain
521,Newton Abbot,GB,50.5286,-3.6119,48.61,59,1,6.29,clear sky
522,Campbell River,CA,50.0163,-125.2446,44.13,87,100,0.0,overcast clouds
523,Mahajanga,MG,-15.7167,46.3167,75.22,94,20,2.3,few clouds
524,Chalus,IR,36.655,51.4204,47.66,81,75,4.61,broken clouds
525,Bacungan,PH,9.9106,118.7022,87.08,65,79,7.52,broken clouds
526,Tromso,NO,69.6496,18.957,27.37,86,75,5.75,broken clouds
527,Mandera,KE,3.9366,41.867,79.77,66,91,7.31,light rain
528,Beckley,US,37.7782,-81.1882,48.61,51,0,6.91,clear sky
529,Mananjary,MG,-21.2167,48.3333,73.72,91,24,2.98,few clouds
530,Whitehorse,CA,60.7161,-135.0538,36.37,48,75,5.75,broken clouds
531,Ugep,NG,5.8086,8.0812,77.88,88,90,4.09,overcast clouds
532,Williams Lake,CA,52.1415,-122.1445,40.57,35,100,6.91,overcast clouds
533,Kununurra,AU,-15.7667,128.7333,93.18,49,54,6.91,broken clouds
534,Snasa,NO,64.2457,12.3778,44.44,96,100,19.06,light rain
535,Gandara,PH,12.013,124.8118,89.02,59,68,6.51,broken clouds
536,Sechura,PE,-5.5569,-80.8222,72.07,72,77,11.88,broken clouds
537,Hermosillo,MX,29.0667,-110.9667,80.2,9,0,6.91,clear sky
538,Rudsar,IR,37.1376,50.288,42.78,91,88,6.93,overcast clouds
539,Priiskovyy,RU,51.9333,116.6333,29.89,61,100,3.02,overcast clouds
540,Berlevag,NO,70.8578,29.0864,26.4,78,100,23.85,light snow
541,Nadvoitsy,RU,63.8667,34.3167,9.55,95,84,5.37,broken clouds
542,Warri,NG,5.5167,5.75,78.42,93,93,2.24,overcast clouds
543,Kirakira,SB,-10.4544,161.9205,83.12,79,49,3.76,scattered clouds
544,Muzhi,RU,65.3667,64.6667,11.62,91,100,8.19,overcast clouds
545,Mirnyy,RU,62.5353,113.9611,24.24,58,65,4.65,broken clouds
546,San Nicolas,PH,18.1725,120.5953,89.51,62,40,11.5,scattered clouds
547,Fairbanks,US,64.8378,-147.7164,30.97,45,0,6.91,clear sky
548,Salcininkai,LT,54.3,25.3833,32.85,86,18,3.18,few clouds
549,Los Zacatones,MX,22.95,-102.05,53.11,11,0,8.95,clear sky
550,Andenes,NO,69.3143,16.1194,28.38,80,0,6.91,clear sky
551,Muskogee,US,35.5834,-95.3336,46.47,70,0,9.22,clear sky
552,Kiunga,PG,-6.1219,141.2906,88.05,58,100,4.83,overcast clouds
553,Coruripe,BR,-10.1256,-36.1756,77.52,80,63,5.79,broken clouds
554,Tuy Hoa,VN,13.0833,109.3,87.69,61,32,5.75,scattered clouds
555,Shenjiamen,CN,29.9576,122.298,58.93,97,100,30.29,light rain
556,Chiang Rai,TH,19.9167,99.9167,87.58,68,20,4.61,few clouds
557,Nola,IT,40.922,14.5329,51.93,99,0,1.25,clear sky
558,Luwuk,ID,-0.9516,122.7875,86.47,65,100,3.31,overcast clouds
559,Hurghada,EG,27.2574,33.8129,54.77,41,0,13.62,clear sky
560,Nara,JP,34.6851,135.8049,63.77,31,50,2.24,scattered clouds
561,Kalino,RU,58.2504,57.6085,32.94,97,100,11.59,snow
562,Mackenzie,CA,55.2999,-123.1698,37.62,44,0,5.75,clear sky
563,Kautokeino,NO,69.0125,23.0412,13.6,97,100,4.72,overcast clouds
564,Puerto Ayacucho,VE,5.6639,-67.6236,81.12,62,75,7.05,broken clouds
565,Trani,IT,41.2727,16.4154,48.85,53,0,4.0,clear sky
566,Deputatskiy,RU,69.3,139.9,4.41,82,36,0.4,scattered clouds
567,Deep River,CA,46.1001,-77.4995,38.43,98,100,5.3,overcast clouds
568,Mirandopolis,BR,-21.1336,-51.1017,76.59,69,24,6.73,few clouds
569,Kushmurun,KZ,52.4503,64.6311,33.62,81,100,14.97,overcast clouds
570,Harnosand,SE,62.6323,17.9379,32.02,89,100,7.9,light snow
571,Manyana,BW,-23.4,21.7167,66.83,68,100,1.81,overcast clouds
572,Carutapera,BR,-1.195,-46.02,75.09,95,100,4.94,overcast clouds
573,Durham,US,36.0335,-78.8664,61.74,60,40,14.97,scattered clouds
574,Bonavista,CA,48.6499,-53.1147,28.13,78,80,27.56,broken clouds
575,Seoul,KR,37.5683,126.9778,58.39,51,100,10.36,haze
576,Zyryanka,RU,65.75,150.85,8.47,81,97,3.47,overcast clouds
577,Akbarpur,IN,26.4167,82.55,89.42,10,6,6.15,clear sky
578,Sobolevo,RU,54.4299,31.8996,20.93,99,51,2.84,broken clouds
579,Ancud,CL,-41.8697,-73.8203,53.22,90,19,4.59,few clouds
580,Camocim,BR,-2.9022,-40.8411,75.87,90,49,5.7,scattered clouds
581,Arkhangelsk,RU,64.5401,40.5433,10.51,85,20,0.0,few clouds
582,Necochea,AR,-38.5473,-58.7368,61.56,82,100,3.27,light rain
583,Anadyr,RU,64.75,177.4833,10.9,78,40,2.24,fog
584,Vanimo,PG,-2.6741,141.3028,83.71,75,100,6.55,overcast clouds
585,Savinka,RU,50.0785,47.0994,17.17,98,57,3.36,broken clouds
586,Port Macquarie,AU,-31.4333,152.9167,71.49,83,75,10.36,light rain
587,Basco,PH,20.4487,121.9702,79.02,84,68,18.75,broken clouds
588,Maykor,RU,59.0059,55.88,23.72,82,100,13.82,overcast clouds
589,Muncar,ID,-8.4333,114.3333,83.32,75,77,1.77,broken clouds
590,Ishigaki,JP,24.3448,124.1572,75.33,83,75,14.97,broken clouds
591,Balabac,PH,7.9868,117.0645,84.81,71,100,13.67,overcast clouds
592,Palmer,US,42.1584,-72.3287,42.62,87,100,9.22,moderate rain
593,Nome,US,64.5011,-165.4064,24.87,58,0,8.05,clear sky
594,Kieta,PG,-6.2167,155.6333,84.42,72,73,3.49,light rain
595,Ayan,RU,56.45,138.1667,24.73,79,28,3.44,scattered clouds
596,Chalchuapa,SV,13.9867,-89.6811,72.16,77,99,4.18,overcast clouds
597,Mbandaka,CD,0.0487,18.2603,72.48,88,61,3.13,broken clouds
598,Koltsovo,RU,54.9376,83.1825,20.59,95,98,10.29,overcast clouds
599,Linxia,CN,35.6003,103.2064,41.14,40,86,7.2,overcast clouds
600,Mayo,US,38.8876,-76.5119,52.18,96,100,9.22,mist
601,Broken Arrow,US,36.0526,-95.7908,45.05,65,0,10.36,clear sky
602,Moba,CN,33.2288,105.0179,45.84,52,96,8.61,overcast clouds
603,Jacareacanga,BR,-6.2222,-57.7528,73.09,99,92,1.34,moderate rain
604,Olafsvik,IS,64.8945,-23.7142,27.19,90,100,24.85,light snow
605,Bubaque,GW,11.2833,-15.8333,75.38,70,0,13.8,clear sky
606,Sabang,ID,5.8933,95.3214,82.67,68,53,1.74,moderate rain
607,Muravlenko,RU,63.7898,74.523,15.64,94,100,14.29,overcast clouds
608,Alugan,PH,12.2188,125.4808,83.19,76,97,9.48,overcast clouds
609,Cetraro,IT,39.5166,15.9416,56.07,74,0,2.37,clear sky
610,Erzin,TR,36.9559,36.2,43.99,87,100,0.85,overcast clouds
611,Moussoro,TD,13.6408,16.4901,72.34,18,15,18.5,few clouds
612,Paveh,IR,35.0434,46.3565,30.81,81,8,4.16,clear sky
613,Belaya Gora,RU,68.5333,146.4167,7.25,87,90,3.89,overcast clouds
614,Bosaso,SO,11.2842,49.1816,76.82,81,23,2.28,few clouds
615,Rio Gallegos,AR,-51.6226,-69.2181,50.05,76,0,10.36,clear sky
616,Pontianak,ID,-0.0333,109.3333,84.18,79,20,5.75,few clouds
617,Botou,CN,38.0667,116.5667,60.37,46,100,15.82,moderate rain
618,Almaty,KZ,43.25,76.95,31.91,93,100,6.71,light snow
619,Carroll,US,39.5501,-77.0164,48.87,89,100,3.44,drizzle
620,Vostok,RU,46.4856,135.8833,33.37,85,100,7.58,snow
621,Dubti,ET,11.7361,41.0853,77.52,67,11,11.63,few clouds
622,Tulun,RU,54.5611,100.5792,21.15,75,97,3.98,overcast clouds
623,Diglur,IN,18.55,77.6,91.06,34,39,6.78,scattered clouds
624,Kiruna,SE,67.8557,20.2251,25.72,86,100,4.61,overcast clouds
625,Divinopolis,BR,-20.1389,-44.8839,65.62,84,2,2.98,clear sky
626,Bonthe,SL,7.5264,-12.505,76.5,91,9,4.36,clear sky
627,Fort Nelson,CA,58.8053,-122.7002,20.79,45,20,3.44,few clouds
628,Lircay,PE,-12.9896,-74.7205,47.79,90,75,3.04,broken clouds
629,Toguchin,RU,55.2353,84.3858,18.12,94,81,11.41,broken clouds
630,Varna,BG,43.2167,27.9167,42.94,53,78,5.75,broken clouds
631,Cockburn Town,TC,21.4612,-71.1419,77.97,81,0,25.59,clear sky
632,Hirara,JP,24.8,125.2833,75.06,83,75,19.57,broken clouds
633,Sao Filipe,CV,14.8961,-24.4956,69.49,72,48,7.65,scattered clouds
634,Pitea,SE,65.3172,21.4794,30.29,96,100,5.03,light snow
635,Makubetsu,JP,45.3714,141.8211,40.71,65,40,13.8,scattered clouds
636,Pingliang,CN,35.5392,106.6861,48.06,29,100,17.27,light rain
637,San Quintin,MX,30.4833,-115.95,63.23,66,15,8.77,few clouds
638,Bani Walid,LY,31.7566,13.9942,48.34,84,0,7.67,clear sky
639,Tiarei,PF,-17.5333,-149.3333,84.22,74,43,10.63,light rain
640,Irbeyskoye,RU,55.6428,95.4522,23.85,93,100,2.53,snow
641,Progreso,MX,21.2833,-89.6667,72.1,64,100,14.74,overcast clouds
642,Ahuimanu,US,21.4447,-157.8378,80.31,65,0,13.8,clear sky
643,Guarapari,BR,-20.6667,-40.4975,73.99,88,24,6.13,few clouds
644,Glace Bay,CA,46.1969,-59.957,30.06,90,100,3.44,overcast clouds
645,Carbonia,IT,39.1672,8.5222,54.25,87,65,12.8,broken clouds
646,Rafai,CF,4.95,23.9167,74.66,61,97,1.61,overcast clouds
647,Haines Junction,CA,60.7522,-137.5108,35.55,51,100,3.44,overcast clouds
648,Tautira,PF,-17.7333,-149.15,80.85,73,52,12.46,light rain
649,Krasnyy Yar,RU,46.5331,48.3456,37.33,74,97,9.17,overcast clouds
650,Kulaman,PH,6.4594,124.0892,84.99,67,86,6.24,overcast clouds
651,Mahibadhoo,MV,3.7833,72.9667,82.81,66,98,13.18,overcast clouds
652,La Ligua,CL,-32.4524,-71.2311,63.34,56,0,0.96,clear sky
653,Peniche,PT,39.3558,-9.3811,57.29,90,86,11.97,overcast clouds
654,Hay River,CA,60.8156,-115.7999,-2.22,71,20,2.3,few clouds
655,Sheridan,US,44.8333,-106.9173,43.18,46,100,11.5,overcast clouds
656,Muisne,EC,0.6,-80.0333,77.63,85,91,0.63,light rain
657,Jalu,LY,29.0331,21.5482,49.89,47,0,8.19,clear sky
658,Matucana,PE,-11.85,-76.4,61.74,88,85,1.9,overcast clouds
659,Marzuq,YE,14.4,46.4667,67.71,66,60,4.0,broken clouds
660,Aksu,CN,41.1231,80.2644,41.61,78,100,7.02,overcast clouds
661,Matagami,CA,49.7502,-77.6328,33.91,100,100,4.61,light snow
662,Gao,ML,16.6362,1.637,81.73,12,77,10.98,broken clouds
663,Kibala,TD,9.1104,18.3463,82.35,61,0,6.91,clear sky
664,Zirandaro,MX,18.45,-100.9833,79.68,21,0,4.59,clear sky
665,Pacific Grove,US,36.6177,-121.9166,54.21,91,100,6.91,overcast clouds
666,Gremyachinsk,RU,58.5603,57.851,29.84,96,100,14.54,snow
667,San Luis,AR,-33.295,-66.3356,48.25,42,0,4.34,clear sky
668,Port Hedland,AU,-20.3167,118.5667,100.45,18,12,16.11,few clouds
669,Bansi,IN,27.1833,82.9333,87.3,11,0,8.75,clear sky
670,Saint-Augustin,CA,51.226,-58.6502,14.68,93,100,4.5,overcast clouds
671,Cap Malheureux,MU,-19.9842,57.6142,80.47,82,9,11.77,clear sky
672,Teknaf,BD,20.8624,92.3058,82.53,68,53,5.32,broken clouds
